,ZONA, SUBURBAN , VAN , SPRINTER ,, SUBURBAN , VAN , SPRINTER 
,, ONE WAY , ONE WAY , ONE WAY ,, ROUNDTRIP , ROUNDTRIP , ROUNDTRIP 
 - San Jose,Alegranza, $80.00 , $85.00 , $105.00 ,, $160.00 , $170.00 , $210.00 
 - San Jose,Royal Solaris Gran Faro, $80.00 , $85.00 , $105.00 ,, $160.00 , $170.00 , $210.00 
 - San Jose,Cabo Azul, $80.00 , $85.00 , $105.00 ,, $160.00 , $170.00 , $210.00 
 - San Jose,Casa Natalia, $80.00 , $85.00 , $105.00 ,, $160.00 , $170.00 , $210.00 
 - San Jose,Club Campestre, $80.00 , $85.00 , $105.00 ,, $160.00 , $170.00 , $210.00 
 - San Jose,El Encanto Inn, $80.00 , $85.00 , $105.00 ,, $160.00 , $170.00 , $210.00 
 - San Jose,Hotel & Suites Las Palmas, $80.00 , $85.00 , $105.00 ,, $160.00 , $170.00 , $210.00 
 - San Jose,Hyatt Place, $80.00 , $85.00 , $105.00 ,, $160.00 , $170.00 , $210.00 
 - San Jose,Hyatt Ziva, $80.00 , $85.00 , $105.00 ,, $160.00 , $170.00 , $210.00 
 - San Jose,Krystal Grand Los Cabos, $80.00 , $85.00 , $105.00 ,, $160.00 , $170.00 , $210.00 
 - San Jose,Mykonos, $80.00 , $85.00 , $105.00 ,, $160.00 , $170.00 , $210.00 
 - San Jose,Park Royal Homestay, $80.00 , $85.00 , $105.00 ,, $160.00 , $170.00 , $210.00 
 - San Jose,Posada real, $80.00 , $85.00 , $105.00 ,, $160.00 , $170.00 , $210.00 
 - San Jose,Royal Decameron, $80.00 , $85.00 , $105.00 ,, $160.00 , $170.00 , $210.00 
 - San Jose,Royal Solaris, $80.00 , $85.00 , $105.00 ,, $160.00 , $170.00 , $210.00 
 - San Jose,Six Two Four, $80.00 , $85.00 , $105.00 ,, $160.00 , $170.00 , $210.00 
 - San Jose,Tortuga Bay, $80.00 , $85.00 , $105.00 ,, $160.00 , $170.00 , $210.00 
 - San Jose,Tropican Inn, $80.00 , $85.00 , $105.00 ,, $160.00 , $170.00 , $210.00 
 - San Jose,Viceroy , $80.00 , $85.00 , $105.00 ,, $160.00 , $170.00 , $210.00 
 - San Jose,Vidanta Grand Mayan, $80.00 , $85.00 , $105.00 ,, $160.00 , $170.00 , $210.00 
 - San Jose,Wroldmark Coral Baja, $80.00 , $85.00 , $105.00 ,, $160.00 , $170.00 , $210.00 
 - Puerto Los Cabos,Hotel El Ganzo, $100.00 , $105.00 , $135.00 ,, $200.00 , $210.00 , $270.00 
 - Puerto Los Cabos,Acre, $100.00 , $105.00 , $135.00 ,, $200.00 , $210.00 , $270.00 
 - Puerto Los Cabos,Secrets Puerto Los Cabos, $100.00 , $105.00 , $135.00 ,, $200.00 , $210.00 , $270.00 
 - Puerto Los Cabos,JW Marriott, $100.00 , $105.00 , $135.00 ,, $200.00 , $210.00 , $270.00 
 - Puerto Los Cabos,"Zadun, A Ritz-Carlton Reserve", $100.00 , $105.00 , $135.00 ,, $200.00 , $210.00 , $270.00 
 - Corridor,Cabo Surf Hotel, $92.00 , $100.00 , $120.00 ,, $184.00 , $200.00 , $240.00 
 - Corridor,Casa del Mar, $105.00 , $115.00 , $150.00 ,, $200.00 , $210.00 , $270.00 
 - Corridor,Chileno Bay Resort, $92.00 , $100.00 , $120.00 ,, $184.00 , $200.00 , $240.00 
 - Corridor,Dreams Los Cabos, $92.00 , $100.00 , $120.00 ,, $184.00 , $200.00 , $240.00 
 - Corridor,El Dorado, $92.00 , $100.00 , $120.00 ,, $184.00 , $200.00 , $240.00 
 - Corridor,Fiesta Americana Grand, $92.00 , $100.00 , $120.00 ,, $184.00 , $200.00 , $240.00 
 - Corridor,Four Seasons Cabo del Sol, $92.00 , $100.00 , $120.00 ,, $184.00 , $200.00 , $240.00 
 - Corridor,Garza Blanca, $92.00 , $100.00 , $120.00 ,, $184.00 , $200.00 , $240.00 
 - Corridor,Grand Velas Los Cabos, $92.00 , $100.00 , $120.00 ,, $184.00 , $200.00 , $240.00 
 - Corridor,Grand Velas Boutique, $92.00 , $100.00 , $120.00 ,, $184.00 , $200.00 , $240.00 
 - Corridor,Hacienda del Mar, $92.00 , $100.00 , $120.00 ,, $184.00 , $200.00 , $240.00 
 - Corridor,Hampton Inn & Suites Los Cabos, $92.00 , $100.00 , $120.00 ,, $184.00 , $200.00 , $240.00 
 - Corridor,Hilton Los Cabos, $92.00 , $100.00 , $120.00 ,, $184.00 , $200.00 , $240.00 
 - Corridor,Las Ventanas al Paraiso, $92.00 , $100.00 , $120.00 ,, $184.00 , $200.00 , $240.00 
 - Corridor,Le Blanc, $92.00 , $100.00 , $120.00 ,, $184.00 , $200.00 , $240.00 
 - Corridor,Live Aqua Residence Club, $92.00 , $100.00 , $120.00 ,, $184.00 , $200.00 , $240.00 
 - Corridor,Mar del Cabo, $92.00 , $100.00 , $120.00 ,, $184.00 , $200.00 , $240.00 
 - Corridor,Maravilla, $92.00 , $100.00 , $120.00 ,, $184.00 , $200.00 , $240.00 
 - Corridor,Marquis Los Cabos, $92.00 , $100.00 , $120.00 ,, $184.00 , $200.00 , $240.00 
 - Corridor,Montage Los Cabos, $92.00 , $100.00 , $120.00 ,, $184.00 , $200.00 , $240.00 
 - Corridor,O&O Palmilla, $92.00 , $100.00 , $120.00 ,, $184.00 , $200.00 , $240.00 
 - Corridor,Paradisus, $92.00 , $100.00 , $120.00 ,, $184.00 , $200.00 , $240.00 
 - Corridor,Querencia, $92.00 , $100.00 , $120.00 ,, $184.00 , $200.00 , $240.00 
 - Corridor,Park Hyatt Los Cabos, $92.00 , $100.00 , $120.00 ,, $184.00 , $200.00 , $240.00 
 - Corridor,Solaz, $92.00 , $100.00 , $120.00 ,, $184.00 , $200.00 , $240.00 
 - Corridor,The Westin Los Cabos, $92.00 , $100.00 , $120.00 ,, $184.00 , $200.00 , $240.00 
 - Corridor,Villa at Cabo del Sol, $92.00 , $100.00 , $120.00 ,, $184.00 , $200.00 , $240.00 
 - Corridor,Villa at Chileno Bay, $92.00 , $100.00 , $120.00 ,, $184.00 , $200.00 , $240.00 
 - Corridor,Villa Rancho Cerro Colorado, $92.00 , $100.00 , $120.00 ,, $184.00 , $200.00 , $240.00 
 - Corridor,Villa Valenciana, $92.00 , $100.00 , $120.00 ,, $184.00 , $200.00 , $240.00 
 - Corridor,Villas del Mar, $92.00 , $100.00 , $120.00 ,, $184.00 , $200.00 , $240.00 
 - Cabo San Lucas,Bahia, $100.00 , $105.00 , $135.00 ,, $200.00 , $210.00 , $270.00 
 - Cabo San Lucas,Breathless Los Cabos, $100.00 , $105.00 , $135.00 ,, $200.00 , $210.00 , $270.00 
 - Cabo San Lucas,Casa Dorada, $100.00 , $105.00 , $135.00 ,, $200.00 , $210.00 , $270.00 
 - Cabo San Lucas,City Express Suites, $100.00 , $105.00 , $135.00 ,, $200.00 , $210.00 , $270.00 
 - Cabo San Lucas,Comfort Inn & Suites Los Cabos, $100.00 , $105.00 , $135.00 ,, $200.00 , $210.00 , $270.00 
 - Cabo San Lucas,Corazon Los Cabos, $100.00 , $105.00 , $135.00 ,, $200.00 , $210.00 , $270.00 
 - Cabo San Lucas,Esperanza, $100.00 , $105.00 , $135.00 ,, $200.00 , $210.00 , $270.00 
 - Cabo San Lucas,Fairfield Inn Los Cabos, $100.00 , $105.00 , $135.00 ,, $200.00 , $210.00 , $270.00 
 - Cabo San Lucas,Hacienda Encantada, $100.00 , $105.00 , $135.00 ,, $200.00 , $210.00 , $270.00 
 - Cabo San Lucas,Holiday Inn Express Cabo San Lucas, $100.00 , $105.00 , $135.00 ,, $200.00 , $210.00 , $270.00 
 - Cabo San Lucas,Hotel Quinta Sol, $100.00 , $105.00 , $135.00 ,, $200.00 , $210.00 , $270.00 
 - Cabo San Lucas,Hotel Tesoro Los Cabos, $100.00 , $105.00 , $135.00 ,, $200.00 , $210.00 , $270.00 
 - Cabo San Lucas,Los Cabos Golf Resort, $100.00 , $105.00 , $135.00 ,, $200.00 , $210.00 , $270.00 
 - Cabo San Lucas,Los Patios, $100.00 , $105.00 , $135.00 ,, $200.00 , $210.00 , $270.00 
 - Cabo San Lucas,Marina Fiesta Resort & SPA, $100.00 , $105.00 , $135.00 ,, $200.00 , $210.00 , $270.00 
 - Cabo San Lucas,Me Cabo, $100.00 , $105.00 , $135.00 ,, $200.00 , $210.00 , $270.00 
 - Cabo San Lucas,Medano Hotel & Suites, $100.00 , $105.00 , $135.00 ,, $200.00 , $210.00 , $270.00 
 - Cabo San Lucas,Misiones Los Cabos, $100.00 , $105.00 , $135.00 ,, $200.00 , $210.00 , $270.00 
 - Cabo San Lucas,Ocho Cascadas, $100.00 , $105.00 , $135.00 ,, $200.00 , $210.00 , $270.00 
 - Cabo San Lucas,Pueblo Bonito Los Cabos, $100.00 , $105.00 , $135.00 ,, $200.00 , $210.00 , $270.00 
 - Cabo San Lucas,Pueblo Bonito Rose, $100.00 , $105.00 , $135.00 ,, $200.00 , $210.00 , $270.00 
 - Cabo San Lucas,Seven Crown Express, $100.00 , $105.00 , $135.00 ,, $200.00 , $210.00 , $270.00 
 - Cabo San Lucas,Sirena del Mar - Welk Resorts, $100.00 , $105.00 , $135.00 ,, $200.00 , $210.00 , $270.00 
 - Cabo San Lucas,Sunrock - Condo Hotel, $100.00 , $105.00 , $135.00 ,, $200.00 , $210.00 , $270.00 
 - Cabo San Lucas,"The Cape, a Thompson Hotel", $100.00 , $105.00 , $135.00 ,, $200.00 , $210.00 , $270.00 
 - Cabo San Lucas,Villa del Arco, $100.00 , $105.00 , $135.00 ,, $200.00 , $210.00 , $270.00 
 - Cabo San Lucas,Villa del Palmar, $100.00 , $105.00 , $135.00 ,, $200.00 , $210.00 , $270.00 
 - Cabo San Lucas,Villa la Estancia, $100.00 , $105.00 , $135.00 ,, $200.00 , $210.00 , $270.00 
 - Pacifico,Novaispania, $105.00 , $110.00 , $155.00 ,, $210.00 , $220.00 , $310.00 
 - Pacifico,Playa Grande Los Cabos, $105.00 , $110.00 , $155.00 ,, $210.00 , $220.00 , $310.00 
 - Pacifico,Pueblo Bonito Pacifica, $105.00 , $110.00 , $155.00 ,, $210.00 , $220.00 , $310.00 
 - Pacifico,Pueblo Bonito Sunset Beach, $105.00 , $110.00 , $155.00 ,, $210.00 , $220.00 , $310.00 
 - Pacifico,Quivira, $105.00 , $110.00 , $155.00 ,, $210.00 , $220.00 , $310.00 
 - Pacifico,Sandos Finisterra, $105.00 , $110.00 , $155.00 ,, $210.00 , $220.00 , $310.00 
 - Pacifico,St. Regis Los Cabs, $105.00 , $110.00 , $155.00 ,, $210.00 , $220.00 , $310.00 
 - Pacifico,Solmar Resort, $105.00 , $110.00 , $155.00 ,, $210.00 , $220.00 , $310.00 
 - Pacifico,Terrasol, $105.00 , $110.00 , $155.00 ,, $210.00 , $220.00 , $310.00 
 - Pacifico,The Ridge at Playa Grande, $105.00 , $110.00 , $155.00 ,, $210.00 , $220.00 , $310.00 
 - Pacifico,Villa at Pedregal Los Cabos, $105.00 , $110.00 , $155.00 ,, $210.00 , $220.00 , $310.00 
 - Pacifico,Waldorf Astoria Los Cabos Pedregal, $105.00 , $110.00 , $155.00 ,, $210.00 , $220.00 , $310.00 
 - Diamante,Dimante Cabo San Lucas, $130.00 , $135.00 , $190.00 ,, $260.00 , $270.00 , $380.00 
 - Diamante,Grand Solmar at Rancho San Lucas, $130.00 , $135.00 , $190.00 ,, $260.00 , $270.00 , $380.00 
 - Diamante,Hard Rock Hotel Los Cabos, $130.00 , $135.00 , $190.00 ,, $260.00 , $270.00 , $380.00 
 - Diamante,Nobu Los Cabos, $130.00 , $135.00 , $190.00 ,, $260.00 , $270.00 , $380.00 
 - Todos Santos,Cerritos Beach Hotel, $230.00 , $262.00 , $355.00 ,, $460.00 , $520.00 , $710.00 
 - Todos Santos,Cerritos Beach Inn, $230.00 , $262.00 , $355.00 ,, $460.00 , $520.00 , $710.00 
 - Todos Santos,Cerritos Surf Town, $230.00 , $262.00 , $355.00 ,, $460.00 , $520.00 , $710.00 
 - Todos Santos,Hotel Guaycura, $230.00 , $262.00 , $355.00 ,, $460.00 , $520.00 , $710.00 
 - Todos Santos,Paradero , $230.00 , $262.00 , $355.00 ,, $460.00 , $520.00 , $710.00 
 - Todos Santos,Kimpton Mas Olas Resort and Spa, $230.00 , $262.00 , $355.00 ,, $460.00 , $520.00 , $710.00 
 - Todos Santos,Hotel San Cristobal, $230.00 , $262.00 , $355.00 ,, $460.00 , $520.00 , $710.00 
 - Todos Santos,Serendipity Todos Santos, $230.00 , $262.00 , $355.00 ,, $460.00 , $520.00 , $710.00 
 - Todos Santos,Todos Santos Inn, $230.00 , $262.00 , $355.00 ,, $460.00 , $520.00 , $710.00 
 - Todos Santos,Villa Santa Cruz, $230.00 , $262.00 , $355.00 ,, $460.00 , $520.00 , $710.00 
 - Cabo del Este,Four Seasons at Costa Palmas, $230.00 , $262.00 , $355.00 ,, $460.00 , $520.00 , $710.00 
 - Cabo del Este,Hotel Palmas de Cortez, $230.00 , $262.00 , $355.00 ,, $460.00 , $520.00 , $710.00 
 - Cabo del Este,Hotel Playa del Sol, $230.00 , $262.00 , $355.00 ,, $460.00 , $520.00 , $710.00 
 - Cabo del Este,La Ventana Villa/Hotel , $230.00 , $262.00 , $355.00 ,, $460.00 , $520.00 , $710.00 
 - Cabo del Este,Los Barriles Hotel, $230.00 , $262.00 , $355.00 ,, $460.00 , $520.00 , $710.00 
 - La Paz,La Paz - Villa or Hotel, $355.00 , $410.00 , $500.00 ,, $710.00 , $820.00 ," $1,000.00 "
 - Codigo Postal,"23400, San Jose Downtown", $80.00 , $85.00 , $105.00 ,, $160.00 , $170.00 , $210.00 
 - Codigo Postal,"23403, Puerto Los Cabos", $100.00 , $105.00 , $135.00 ,, $200.00 , $210.00 , $270.00 
 - Codigo Postal,"23403, Fraccionamiento Rincón de la Playa", $100.00 , $105.00 , $135.00 ,, $200.00 , $210.00 , $270.00 
 - Codigo Postal,"23403, Colonia La Playa", $100.00 , $105.00 , $135.00 ,, $200.00 , $210.00 , $270.00 
 - Codigo Postal,"23403, Barrio San Vicente", $100.00 , $105.00 , $135.00 ,, $200.00 , $210.00 , $270.00 
 - Codigo Postal,"23403, Colonia La Choya INFONAVIT", $100.00 , $105.00 , $135.00 ,, $200.00 , $210.00 , $270.00 
 - Codigo Postal,"23405, Fraccionamiento Loma Encantada", $92.00 , $100.00 , $120.00 ,, $184.00 , $200.00 , $240.00 
 - Codigo Postal,"23405, Fraccionamiento Palmilla", $92.00 , $100.00 , $120.00 ,, $184.00 , $200.00 , $240.00 
 - Codigo Postal,"23405, Fraccionamiento Rancho Cerro Colorado", $92.00 , $100.00 , $120.00 ,, $184.00 , $200.00 , $240.00 
 - Codigo Postal,"23405, Fraccionamiento Cabo Colorado", $92.00 , $100.00 , $120.00 ,, $184.00 , $200.00 , $240.00 
 - Codigo Postal,"23405, Zona comercial Zona Hotelera San José del Cabo", $92.00 , $100.00 , $120.00 ,, $184.00 , $200.00 , $240.00 
 - Codigo Postal,"23405, Cabo Real", $92.00 , $100.00 , $120.00 ,, $184.00 , $200.00 , $240.00 
 - Codigo Postal,"23405, La Joya de los Cabos", $92.00 , $100.00 , $120.00 ,, $184.00 , $200.00 , $240.00 
 - Codigo Postal,"23405, Mykonos", $92.00 , $100.00 , $120.00 ,, $184.00 , $200.00 , $240.00 
 - Codigo Postal,"23405, Coral Baja", $92.00 , $100.00 , $120.00 ,, $184.00 , $200.00 , $240.00 
 - Codigo Postal,"23405, Mañanitas", $92.00 , $100.00 , $120.00 ,, $184.00 , $200.00 , $240.00 
 - Codigo Postal,"23405, Fraccionamiento Costa Brava", $92.00 , $100.00 , $120.00 ,, $184.00 , $200.00 , $240.00 
 - Codigo Postal,"23405, Fraccionamiento Lomas del Tule", $92.00 , $100.00 , $120.00 ,, $184.00 , $200.00 , $240.00 
 - Codigo Postal,"23405, Fraccionamiento El Tule", $92.00 , $100.00 , $120.00 ,, $184.00 , $200.00 , $240.00 
 - Codigo Postal,"23405, Colonia Magisterial", $92.00 , $100.00 , $120.00 ,, $184.00 , $200.00 , $240.00 
 - Codigo Postal,"23405, Fraccionamiento La Antigua", $92.00 , $100.00 , $120.00 ,, $184.00 , $200.00 , $240.00 
 - Codigo Postal,"23405, Fraccionamiento Vista Colorada", $92.00 , $100.00 , $120.00 ,, $184.00 , $200.00 , $240.00 
 - Codigo Postal,"23406, Colonia 8 de Octubre", $80.00 , $85.00 , $105.00 ,, $160.00 , $170.00 , $210.00 
 - Codigo Postal,"23406, Fraccionamiento Club Campestre San José", $80.00 , $85.00 , $105.00 ,, $160.00 , $170.00 , $210.00 
 - Codigo Postal,"23406, Colonia Primero de Mayo", $80.00 , $85.00 , $105.00 ,, $160.00 , $170.00 , $210.00 
 - Codigo Postal,"23406, Colonia 5 de Febrero", $80.00 , $85.00 , $105.00 ,, $160.00 , $170.00 , $210.00 
 - Codigo Postal,"23406, Colonia Costa Azul", $80.00 , $85.00 , $105.00 ,, $160.00 , $170.00 , $210.00 
 - Codigo Postal,"23406, Condominio Gringos Hill", $80.00 , $85.00 , $105.00 ,, $160.00 , $170.00 , $210.00 
 - Codigo Postal,"23406, Colonia Lomas de La Jolla", $80.00 , $85.00 , $105.00 ,, $160.00 , $170.00 , $210.00 
 - Codigo Postal,"23406, Colonia Villas de La Joya", $80.00 , $85.00 , $105.00 ,, $160.00 , $170.00 , $210.00 
 - Codigo Postal,"23406, Colonia Cerro del Vigía", $80.00 , $85.00 , $105.00 ,, $160.00 , $170.00 , $210.00 
 - Codigo Postal,"23406, Colonia Terrazas Costa Azul", $80.00 , $85.00 , $105.00 ,, $160.00 , $170.00 , $210.00 
 - Codigo Postal,"23407, Colonia Rosarito", $80.00 , $85.00 , $105.00 ,, $160.00 , $170.00 , $210.00 
 - Codigo Postal,"23407, Colonia Animas Bajas", $80.00 , $85.00 , $105.00 ,, $160.00 , $170.00 , $210.00 
 - Codigo Postal,"23407, Pueblo Animas Altas", $80.00 , $85.00 , $105.00 ,, $160.00 , $170.00 , $210.00 
 - Codigo Postal,"23407, Colonia Guaymitas", $80.00 , $85.00 , $105.00 ,, $160.00 , $170.00 , $210.00 
 - Codigo Postal,"23407, Colonia Rinconada La Huerta", $80.00 , $85.00 , $105.00 ,, $160.00 , $170.00 , $210.00 
 - Codigo Postal,"23440, Colonia Jesús Castro Agundes", $80.00 , $85.00 , $105.00 ,, $160.00 , $170.00 , $210.00 
 - Codigo Postal,"23443, Colonia Mauricio Castro", $80.00 , $85.00 , $105.00 ,, $160.00 , $170.00 , $210.00 
 - Codigo Postal,"23443, Colonia Chula Vista", $80.00 , $85.00 , $105.00 ,, $160.00 , $170.00 , $210.00 
 - Codigo Postal,"23443, Colonia El Aguajito", $80.00 , $85.00 , $105.00 ,, $160.00 , $170.00 , $210.00 
 - Codigo Postal,"23444, Colonia Luis Donaldo Colosio", $80.00 , $85.00 , $105.00 ,, $160.00 , $170.00 , $210.00 
 - Codigo Postal,"23444, Colonia Lomas de Rosarito", $80.00 , $85.00 , $105.00 ,, $160.00 , $170.00 , $210.00 
 - Codigo Postal,"23444, Fraccionamiento Monte Real Residencial", $80.00 , $85.00 , $105.00 ,, $160.00 , $170.00 , $210.00 
 - Codigo Postal,"23444, Fraccionamiento Colinas Plus", $80.00 , $85.00 , $105.00 ,, $160.00 , $170.00 , $210.00 
 - Codigo Postal,"23444, Fraccionamiento Country del Mar", $80.00 , $85.00 , $105.00 ,, $160.00 , $170.00 , $210.00 
 - Codigo Postal,"23450, Colonia Cabo San Lucas Centro", $100.00 , $105.00 , $135.00 ,, $200.00 , $210.00 , $270.00 
 - Codigo Postal,"23450, Zona Comercial Plaza Bonita", $100.00 , $105.00 , $135.00 ,, $200.00 , $210.00 , $270.00 
 - Codigo Postal,"23450, Zona Comercial Plaza Real", $100.00 , $105.00 , $135.00 ,, $200.00 , $210.00 , $270.00 
 - Codigo Postal,"23450, Zona Comercial Plaza del Marlin", $100.00 , $105.00 , $135.00 ,, $200.00 , $210.00 , $270.00 
 - Codigo Postal,"23450, Zona Comercial Plaza del Sol", $100.00 , $105.00 , $135.00 ,, $200.00 , $210.00 , $270.00 
 - Codigo Postal,"23450, Zona Comercial Plaza Náutica", $100.00 , $105.00 , $135.00 ,, $200.00 , $210.00 , $270.00 
 - Codigo Postal,"23450, Zona Comercial Plaza las Glorias", $100.00 , $105.00 , $135.00 ,, $200.00 , $210.00 , $270.00 
 - Codigo Postal,"23450, Zona Comercial La Dársena", $100.00 , $105.00 , $135.00 ,, $200.00 , $210.00 , $270.00 
 - Codigo Postal,"23450, Zona Comercial Modulo Turístico", $100.00 , $105.00 , $135.00 ,, $200.00 , $210.00 , $270.00 
 - Codigo Postal,"23453, Colonia El Medano", $100.00 , $105.00 , $135.00 ,, $200.00 , $210.00 , $270.00 
 - Codigo Postal,"23453, Colonia La Marina", $100.00 , $105.00 , $135.00 ,, $200.00 , $210.00 , $270.00 
 - Codigo Postal,"23453, Colonia Terrasol", $100.00 , $105.00 , $135.00 ,, $200.00 , $210.00 , $270.00 
 - Codigo Postal,"23453, Colonia El Pedregal", $100.00 , $105.00 , $135.00 ,, $200.00 , $210.00 , $270.00 
 - Codigo Postal,"23454, Fraccionamiento La Noria", $100.00 , $105.00 , $135.00 ,, $200.00 , $210.00 , $270.00 
 - Codigo Postal,"23454, Fraccionamiento Las Villas del Tezal", $100.00 , $105.00 , $135.00 ,, $200.00 , $210.00 , $270.00 
 - Codigo Postal,"23454, Fraccionamiento Luna del Tezal", $100.00 , $105.00 , $135.00 ,, $200.00 , $210.00 , $270.00 
 - Codigo Postal,"23454, Fraccionamiento Ventanas del Mar", $100.00 , $105.00 , $135.00 ,, $200.00 , $210.00 , $270.00 
 - Codigo Postal,"23454, Fraccionamiento Rancho Paraíso", $100.00 , $105.00 , $135.00 ,, $200.00 , $210.00 , $270.00 
 - Codigo Postal,"23454, Fraccionamiento Cabo del Mar", $100.00 , $105.00 , $135.00 ,, $200.00 , $210.00 , $270.00 
 - Codigo Postal,"23454, Fraccionamiento Ventanas de Cabo", $100.00 , $105.00 , $135.00 ,, $200.00 , $210.00 , $270.00 
 - Codigo Postal,"23454, Colonia El Tezal", $100.00 , $105.00 , $135.00 ,, $200.00 , $210.00 , $270.00 
 - Codigo Postal,"23454, Fraccionamiento Zona Hotelera", $100.00 , $105.00 , $135.00 ,, $200.00 , $210.00 , $270.00 
 - Codigo Postal,"23454, Fraccionamiento Residencial La Cima", $100.00 , $105.00 , $135.00 ,, $200.00 , $210.00 , $270.00 
 - Codigo Postal,"23454, Fraccionamiento Punta Arena", $100.00 , $105.00 , $135.00 ,, $200.00 , $210.00 , $270.00 
 - Codigo Postal,"23454, Fraccionamiento Residencial Maranata", $100.00 , $105.00 , $135.00 ,, $200.00 , $210.00 , $270.00 
 - Codigo Postal,"23454, Fraccionamiento Residencial San Luciano", $100.00 , $105.00 , $135.00 ,, $200.00 , $210.00 , $270.00 
 - Codigo Postal,"23454, Fraccionamiento Cumbres del Tezal", $100.00 , $105.00 , $135.00 ,, $200.00 , $210.00 , $270.00 
 - Codigo Postal,"23454, Fraccionamiento Privanzas", $100.00 , $105.00 , $135.00 ,, $200.00 , $210.00 , $270.00 
 - Codigo Postal,"23454, Fraccionamiento La Vista", $100.00 , $105.00 , $135.00 ,, $200.00 , $210.00 , $270.00 
 - Codigo Postal,"23454, Fraccionamiento Vista Bahía", $100.00 , $105.00 , $135.00 ,, $200.00 , $210.00 , $270.00 
 - Codigo Postal,"23454, Fraccionamiento Mediterránea", $100.00 , $105.00 , $135.00 ,, $200.00 , $210.00 , $270.00 
 - Codigo Postal,"23454, Fraccionamiento Puerta del Mar", $100.00 , $105.00 , $135.00 ,, $200.00 , $210.00 , $270.00 
 - Codigo Postal,"23454, Fraccionamiento Vistana", $100.00 , $105.00 , $135.00 ,, $200.00 , $210.00 , $270.00 
 - Codigo Postal,"23454, Fraccionamiento Ventanas del Cortés", $100.00 , $105.00 , $135.00 ,, $200.00 , $210.00 , $270.00 
 - Codigo Postal,"23455, Fraccionamiento Punta Ballena", $100.00 , $105.00 , $135.00 ,, $200.00 , $210.00 , $270.00 
 - Codigo Postal,"23455, Fraccionamiento Las Residencias", $100.00 , $105.00 , $135.00 ,, $200.00 , $210.00 , $270.00 
 - Codigo Postal,"23455, Fraccionamiento Hacienda Encantada", $100.00 , $105.00 , $135.00 ,, $200.00 , $210.00 , $270.00 
 - Codigo Postal,"23455, Fraccionamiento Residencial Olamar", $100.00 , $105.00 , $135.00 ,, $200.00 , $210.00 , $270.00 
 - Codigo Postal,"23455, Condominio San Antonio", $100.00 , $105.00 , $135.00 ,, $200.00 , $210.00 , $270.00 
 - Codigo Postal,"23455, Colonia Cabo Bello", $100.00 , $105.00 , $135.00 ,, $200.00 , $210.00 , $270.00 
 - Codigo Postal,"23455, Colonia Puesta del Sol", $100.00 , $105.00 , $135.00 ,, $200.00 , $210.00 , $270.00 
 - Codigo Postal,"23455, Fraccionamiento Santa Carmela", $100.00 , $105.00 , $135.00 ,, $200.00 , $210.00 , $270.00 
 - Codigo Postal,"23455, Fraccionamiento Misiones del Cabo", $100.00 , $105.00 , $135.00 ,, $200.00 , $210.00 , $270.00 
 - Codigo Postal,"23455, Fraccionamiento Residencial Cabo del Sol", $100.00 , $105.00 , $135.00 ,, $200.00 , $210.00 , $270.00 
 - Codigo Postal,"23455, Fraccionamiento Villa Serena", $100.00 , $105.00 , $135.00 ,, $200.00 , $210.00 , $270.00 
 - Codigo Postal,"23456, Fraccionamiento Altos de Miramar", $100.00 , $105.00 , $135.00 ,, $200.00 , $210.00 , $270.00 
 - Codigo Postal,"23456, Fraccionamiento Rincón de Miramar", $100.00 , $105.00 , $135.00 ,, $200.00 , $210.00 , $270.00 
 - Codigo Postal,"23456, Fraccionamiento Buenos Aires", $100.00 , $105.00 , $135.00 ,, $200.00 , $210.00 , $270.00 
 - Codigo Postal,"23456, Fraccionamiento El Palmar", $100.00 , $105.00 , $135.00 ,, $200.00 , $210.00 , $270.00 
 - Codigo Postal,"23456, Fraccionamiento Paraíso", $100.00 , $105.00 , $135.00 ,, $200.00 , $210.00 , $270.00 
 - Codigo Postal,"23456, Fraccionamiento Privada Perla", $100.00 , $105.00 , $135.00 ,, $200.00 , $210.00 , $270.00 
 - Codigo Postal,"23456, Fraccionamiento Real de Miramar", $100.00 , $105.00 , $135.00 ,, $200.00 , $210.00 , $270.00 
 - Codigo Postal,"23456, Fraccionamiento Quintas California", $100.00 , $105.00 , $135.00 ,, $200.00 , $210.00 , $270.00 
 - Codigo Postal,"23456, Fraccionamiento Pueblo Bonito Montecristo", $100.00 , $105.00 , $135.00 ,, $200.00 , $210.00 , $270.00 
 - Codigo Postal,"23456, Fraccionamiento Pueblo Bonito Sunset", $100.00 , $105.00 , $135.00 ,, $200.00 , $210.00 , $270.00 
 - Codigo Postal,"23456, Fraccionamiento Pueblo Bonito Palacio", $100.00 , $105.00 , $135.00 ,, $200.00 , $210.00 , $270.00 
 - Codigo Postal,"23456, Fraccionamiento Estrella de Mar", $100.00 , $105.00 , $135.00 ,, $200.00 , $210.00 , $270.00 
 - Codigo Postal,"23456, Fraccionamiento Arco Iris", $100.00 , $105.00 , $135.00 ,, $200.00 , $210.00 , $270.00 
 - Codigo Postal,"23456, Fraccionamiento Colinas de Cabo Baja", $100.00 , $105.00 , $135.00 ,, $200.00 , $210.00 , $270.00 
 - Codigo Postal,"23456, Fraccionamiento Balcones", $100.00 , $105.00 , $135.00 ,, $200.00 , $210.00 , $270.00 
 - Codigo Postal,"23456, Fraccionamiento Jazmines", $100.00 , $105.00 , $135.00 ,, $200.00 , $210.00 , $270.00 
 - Codigo Postal,"23456, Fraccionamiento Acuario", $100.00 , $105.00 , $135.00 ,, $200.00 , $210.00 , $270.00 
 - Codigo Postal,"23456, Fraccionamiento Bugambilias", $100.00 , $105.00 , $135.00 ,, $200.00 , $210.00 , $270.00 
 - Codigo Postal,"23456, Fraccionamiento Bella Vista", $100.00 , $105.00 , $135.00 ,, $200.00 , $210.00 , $270.00 
 - Codigo Postal,"23456, Fraccionamiento Lomas del Cabo", $100.00 , $105.00 , $135.00 ,, $200.00 , $210.00 , $270.00 
 - Codigo Postal,"23456, Fraccionamiento Miramar", $100.00 , $105.00 , $135.00 ,, $200.00 , $210.00 , $270.00 
 - Codigo Postal,"23460, Colonia Zona Ejidal", $100.00 , $105.00 , $135.00 ,, $200.00 , $210.00 , $270.00 
 - Codigo Postal,"23460, Colonia Arenal", $100.00 , $105.00 , $135.00 ,, $200.00 , $210.00 , $270.00 
 - Codigo Postal,"23460, Colonia Ampliación Mariano Matamoros", $100.00 , $105.00 , $135.00 ,, $200.00 , $210.00 , $270.00 
 - Codigo Postal,"23460, Colonia La Joya", $100.00 , $105.00 , $135.00 ,, $200.00 , $210.00 , $270.00 
 - Codigo Postal,"23460, Fraccionamiento Tabachines", $100.00 , $105.00 , $135.00 ,, $200.00 , $210.00 , $270.00 
 - Codigo Postal,"23463, Fraccionamiento Cabo San Lucas Country Club", $100.00 , $105.00 , $135.00 ,, $200.00 , $210.00 , $270.00 
 - Codigo Postal,"23467, Fraccionamiento Residencial San Jerónimo", $100.00 , $105.00 , $135.00 ,, $200.00 , $210.00 , $270.00 
 - Codigo Postal,"23467, Fraccionamiento Cabo Toscana", $100.00 , $105.00 , $135.00 ,, $200.00 , $210.00 , $270.00 
 - Codigo Postal,"23467, Fraccionamiento Villa Neptuno", $100.00 , $105.00 , $135.00 ,, $200.00 , $210.00 , $270.00 
 - Codigo Postal,"23467, Fraccionamiento Cresta del Mar", $100.00 , $105.00 , $135.00 ,, $200.00 , $210.00 , $270.00 
 - Codigo Postal,"23467, Fraccionamiento Hermitage", $100.00 , $105.00 , $135.00 ,, $200.00 , $210.00 , $270.00 
 - Codigo Postal,"23467, Fraccionamiento Punta Arena", $100.00 , $105.00 , $135.00 ,, $200.00 , $210.00 , $270.00 
 - Codigo Postal,"23467, Fraccionamiento Residencial Ciruelos", $100.00 , $105.00 , $135.00 ,, $200.00 , $210.00 , $270.00 
 - Codigo Postal,"23467, Fraccionamiento Vista de Cortés", $100.00 , $105.00 , $135.00 ,, $200.00 , $210.00 , $270.00 
 - Codigo Postal,"23467, Fraccionamiento Terrazas las Fuentes", $100.00 , $105.00 , $135.00 ,, $200.00 , $210.00 , $270.00 
 - Codigo Postal,"23467, Fraccionamiento Las Misiones", $100.00 , $105.00 , $135.00 ,, $200.00 , $210.00 , $270.00 
 - Codigo Postal,"23467, Fraccionamiento Tamar Residencial", $100.00 , $105.00 , $135.00 ,, $200.00 , $210.00 , $270.00 
 - Codigo Postal,"23467, Fraccionamiento Sierra Dorada", $100.00 , $105.00 , $135.00 ,, $200.00 , $210.00 , $270.00 
 - Codigo Postal,"23467, Fraccionamiento Puerta de Hierro", $100.00 , $105.00 , $135.00 ,, $200.00 , $210.00 , $270.00 
 - Codigo Postal,"23467, Fraccionamiento Residencial Puerta del Sol", $100.00 , $105.00 , $135.00 ,, $200.00 , $210.00 , $270.00 
 - Codigo Postal,"23467, Fraccionamiento Vista Real", $100.00 , $105.00 , $135.00 ,, $200.00 , $210.00 , $270.00 
 - Codigo Postal,"23467, Fraccionamiento Reyna Avalos", $100.00 , $105.00 , $135.00 ,, $200.00 , $210.00 , $270.00 
 - Codigo Postal,"23467, Fraccionamiento Amalfi", $100.00 , $105.00 , $135.00 ,, $200.00 , $210.00 , $270.00 
 - Codigo Postal,"23467, Fraccionamiento Casa Mexicana", $100.00 , $105.00 , $135.00 ,, $200.00 , $210.00 , $270.00 
 - Codigo Postal,"23467, Fraccionamiento Coto San Diego", $100.00 , $105.00 , $135.00 ,, $200.00 , $210.00 , $270.00 
 - Codigo Postal,"23469, Colonia Benito Juárez", $100.00 , $105.00 , $135.00 ,, $200.00 , $210.00 , $270.00 
 - Codigo Postal,"23469, Unidad habitacional Coromuel", $100.00 , $105.00 , $135.00 ,, $200.00 , $210.00 , $270.00 
 - Codigo Postal,"23469, Colonia Ampliación Juárez", $100.00 , $105.00 , $135.00 ,, $200.00 , $210.00 , $270.00 
 - Codigo Postal,"23470, Colonia La Cruz", $100.00 , $105.00 , $135.00 ,, $200.00 , $210.00 , $270.00 
 - Codigo Postal,"23470, Colonia Ampliación 4 de Marzo", $100.00 , $105.00 , $135.00 ,, $200.00 , $210.00 , $270.00 
 - Codigo Postal,"23470, Colonia Ejidal", $100.00 , $105.00 , $135.00 ,, $200.00 , $210.00 , $270.00 
 - Codigo Postal,"23470, Colonia Ildefonso Green", $100.00 , $105.00 , $135.00 ,, $200.00 , $210.00 , $270.00 
 - Codigo Postal,"23470, Colonia Lienzo Charro Centro", $100.00 , $105.00 , $135.00 ,, $200.00 , $210.00 , $270.00 
 - Codigo Postal,"23470, Fraccionamiento Nueva Ejidal", $100.00 , $105.00 , $135.00 ,, $200.00 , $210.00 , $270.00 
 - Codigo Postal,"23470, Fraccionamiento Libertad", $100.00 , $105.00 , $135.00 ,, $200.00 , $210.00 , $270.00 
 - Codigo Postal,"23472, Colonia 4 de Marzo", $100.00 , $105.00 , $135.00 ,, $200.00 , $210.00 , $270.00 
 - Codigo Postal,"23472, Colonia Obrera", $100.00 , $105.00 , $135.00 ,, $200.00 , $210.00 , $270.00 
 - Codigo Postal,"23472, Colonia Lomas del Faro Viejo", $100.00 , $105.00 , $135.00 ,, $200.00 , $210.00 , $270.00 
 - Codigo Postal,"23472, Fraccionamiento Núcleo Agrario", $100.00 , $105.00 , $135.00 ,, $200.00 , $210.00 , $270.00 
 - Codigo Postal,"23472, Fraccionamiento Lomas Altas", $100.00 , $105.00 , $135.00 ,, $200.00 , $210.00 , $270.00 
 - Codigo Postal,"23472, Fraccionamiento Magisterial", $100.00 , $105.00 , $135.00 ,, $200.00 , $210.00 , $270.00 
 - Codigo Postal,"23473, Fraccionamiento Reforma", $105.00 , $110.00 , $155.00 ,, $210.00 , $220.00 , $310.00 
 - Codigo Postal,"23473, Fraccionamiento Altamira", $105.00 , $110.00 , $155.00 ,, $210.00 , $220.00 , $310.00 
 - Codigo Postal,"23473, Fraccionamiento Altamira Condominios Plus", $105.00 , $110.00 , $155.00 ,, $210.00 , $220.00 , $310.00 
 - Codigo Postal,"23473, Fraccionamiento Agua Clara", $105.00 , $110.00 , $155.00 ,, $210.00 , $220.00 , $310.00 
 - Codigo Postal,"23473, Fraccionamiento Santa Bárbara", $105.00 , $110.00 , $155.00 ,, $210.00 , $220.00 , $310.00 
 - Codigo Postal,"23473, Fraccionamiento Cabo Hills Villas", $105.00 , $110.00 , $155.00 ,, $210.00 , $220.00 , $310.00 
 - Codigo Postal,"23473, Colonia Cerro de los Venados", $105.00 , $110.00 , $155.00 ,, $210.00 , $220.00 , $310.00 
 - Codigo Postal,"23473, Fraccionamiento Lomas del Pacifico", $105.00 , $110.00 , $155.00 ,, $210.00 , $220.00 , $310.00 
 - Codigo Postal,"23473, Fraccionamiento Jacarandas", $105.00 , $110.00 , $155.00 ,, $210.00 , $220.00 , $310.00 
 - Codigo Postal,"23473, Fraccionamiento Hojazen", $105.00 , $110.00 , $155.00 ,, $210.00 , $220.00 , $310.00 
 - Codigo Postal,"23473, Fraccionamiento Cerro de los Venados", $105.00 , $110.00 , $155.00 ,, $210.00 , $220.00 , $310.00 
 - Codigo Postal,"23473, Fraccionamiento Auroras", $105.00 , $110.00 , $155.00 ,, $210.00 , $220.00 , $310.00 
 - Codigo Postal,"23473, Fraccionamiento Brisas del Pacifico Codepa", $105.00 , $110.00 , $155.00 ,, $210.00 , $220.00 , $310.00 
 - Codigo Postal,"23473, Fraccionamiento Brisas del Pacifico", $105.00 , $110.00 , $155.00 ,, $210.00 , $220.00 , $310.00 
 - Codigo Postal,"23473, Unidad habitacional INFONAVIT Nuevo", $105.00 , $110.00 , $155.00 ,, $210.00 , $220.00 , $310.00 
 - Codigo Postal,"23473, Colonia Los Cangrejos", $105.00 , $110.00 , $155.00 ,, $210.00 , $220.00 , $310.00 
 - Codigo Postal,"23473, Fraccionamiento Vista Hermosa", $105.00 , $110.00 , $155.00 ,, $210.00 , $220.00 , $310.00 
 - Codigo Postal,"23473, Colonia Gardenias", $105.00 , $110.00 , $155.00 ,, $210.00 , $220.00 , $310.00 
 - Codigo Postal,"23473, Fraccionamiento Portales", $105.00 , $110.00 , $155.00 ,, $210.00 , $220.00 , $310.00 
 - Codigo Postal,"23473, Fraccionamiento Casa Blanca", $105.00 , $110.00 , $155.00 ,, $210.00 , $220.00 , $310.00 
 - Codigo Postal,"23473, Fraccionamiento Terranova", $105.00 , $110.00 , $155.00 ,, $210.00 , $220.00 , $310.00 
 - Codigo Postal,"23500, Ranchería Santa Bárbara", $230.00 , $260.00 , $300.00 ,, $420.00 , $500.00 , $570.00 
 - Codigo Postal,"23500, Ranchería Milpillas", $230.00 , $260.00 , $300.00 ,, $420.00 , $500.00 , $570.00 
 - Codigo Postal,"23500, Pueblo Santiago", $230.00 , $260.00 , $300.00 ,, $420.00 , $500.00 , $570.00 
 - Codigo Postal,"23500, Ranchería El Zacatal", $230.00 , $260.00 , $300.00 ,, $420.00 , $500.00 , $570.00 
 - Codigo Postal,"23500, Ranchería Matancitas", $230.00 , $260.00 , $300.00 ,, $420.00 , $500.00 , $570.00 
 - Codigo Postal,"23533, Ranchería Los Frailes", $230.00 , $260.00 , $300.00 ,, $420.00 , $500.00 , $570.00 
 - Codigo Postal,"23535, Ranchería Palo Escopeta", $230.00 , $260.00 , $300.00 ,, $420.00 , $500.00 , $570.00 
 - Codigo Postal,"23560, Colonia Las Cuevas", $230.00 , $260.00 , $300.00 ,, $420.00 , $500.00 , $570.00 
 - Codigo Postal,"23560, Ranchería El Campamento", $230.00 , $260.00 , $300.00 ,, $420.00 , $500.00 , $570.00 
 - Codigo Postal,"23563, Rancho El Leonero", $230.00 , $260.00 , $300.00 ,, $420.00 , $500.00 , $570.00 
 - Codigo Postal,"23570, Rancho Don Martín", $230.00 , $260.00 , $300.00 ,, $420.00 , $500.00 , $570.00 
 - Codigo Postal,"23570, Ranchería La Ribera", $230.00 , $260.00 , $300.00 ,, $420.00 , $500.00 , $570.00 
 - Codigo Postal,"23574, Ranchería Cabo Pulmo", $230.00 , $260.00 , $300.00 ,, $420.00 , $500.00 , $570.00 
 - Codigo Postal,"23575, Ranchería Las Barrancas", $230.00 , $260.00 , $300.00 ,, $420.00 , $500.00 , $570.00 
 - Codigo Postal,"23580, Ranchería Buenavista", $230.00 , $260.00 , $300.00 ,, $420.00 , $500.00 , $570.00 
 - Codigo Postal,"23597, Rancho Buenavista", $230.00 , $260.00 , $300.00 ,, $420.00 , $500.00 , $570.00 
 - Codigo Postal,"23361, Pescadero", $320.00 , $385.00 , $515.00 ,, $640.00 , $770.00 ," $1,030.00 "
 - Codigo Postal,"23362, Pescadero", $320.00 , $385.00 , $515.00 ,, $640.00 , $770.00 ," $1,030.00 "
 - Codigo Postal,"23300, Todos Santos", $320.00 , $385.00 , $515.00 ,, $640.00 , $770.00 ," $1,030.00 "
 - Codigo Postal,"23308, Todos Santos", $320.00 , $385.00 , $515.00 ,, $640.00 , $770.00 ," $1,030.00 "
 - Codigo Postal,"23236, Ensenada de Muertos", $460.00 , $540.00 , $585.00 ,, $900.00 ," $1,050.00 "," $1,000.00 "
 - Codigo Postal,"23232, La Ventana", $460.00 , $540.00 , $585.00 ,, $900.00 ," $1,050.00 "," $1,000.00 "
 - Codigo Postal,"23232, El Sargento", $460.00 , $540.00 , $585.00 ,, $900.00 ," $1,050.00 "," $1,000.00 "
 - Codigo Postal,"23209, Las Cruces", $460.00 , $540.00 , $585.00 ,, $900.00 ," $1,050.00 "," $1,000.00 "
 - Codigo Postal,"23000, La Paz", $460.00 , $540.00 , $585.00 ,, $900.00 ," $1,050.00 "," $1,000.00 "
 - San Jose,Drift San Jose, $80.00 , $85.00 , $105.00 ,, $160.00 , $170.00 , $210.00 
 - San Jose,Suites Las Palmas, $80.00 , $85.00 , $105.00 ,, $160.00 , $170.00 , $210.00 
 - Corridor, Zoetry - Casa del Mar, $92.00 , $100.00 , $120.00 ,, $184.00 , $200.00 , $240.00 
 - Cabo San Lucas,Castillo Blarney Inn, $100.00 , $105.00 , $135.00 ,, $200.00 , $210.00 , $270.00 
 - Cabo San Lucas,Riu Palace, $100.00 , $105.00 , $135.00 ,, $200.00 , $210.00 , $270.00 
 - Cabo San Lucas,Riu Santa Fe, $100.00 , $105.00 , $135.00 ,, $200.00 , $210.00 , $270.00 
 - Cabo San Lucas,Riu Los Cabos, $100.00 , $105.00 , $135.00 ,, $200.00 , $210.00 , $270.00 
 - Cabo San Lucas,Tesoro Los Cabos, $100.00 , $105.00 , $135.00 ,, $200.00 , $210.00 , $270.00 
